Name,Math,Physics,Chemistry,Total,Average
Ali,85.0,80,82.0,247.0,82.33333333333333
Sara,90.0,95,93.0,278.0,92.66666666666667
Ahmed,,75,77.0,152.0,76.0
Zara,65.0,70,,135.0,67.5
Bilal,76.0,78,74.0,228.0,76.0
Hina,59.0,62,,121.0,60.5
Omar,88.0,85,83.0,256.0,85.33333333333333
Ayesha,92.0,89,90.0,271.0,90.33333333333333
